{
  "version": "1.0",
  "defaultProvider": "jsdelivr",
  "libraries": [
    {
      "library": "@microsoft/signalr@8.0.7",
      "destination": "wwwroot/js",
      "files": [ "dist/browser/signalr.js" ]
    },
    {
      "provider": "jsdelivr",
      "library": "@microsoft/signalr@8.0.7",
      "destination": "wwwroot/microsoft/signalr/",
      "files": [
        "dist/browser/signalr.js",
        "dist/browser/signalr.min.js",
        "dist/cjs/AbortController.js",
        "dist/cjs/AbortController.js.map",
        "dist/cjs/AbortController.min.js",
        "dist/cjs/AccessTokenHttpClient.js",
        "dist/cjs/AccessTokenHttpClient.js.map",
        "dist/cjs/AccessTokenHttpClient.min.js",
        "dist/cjs/browser-index.js",
        "dist/cjs/browser-index.js.map",
        "dist/cjs/browser-index.min.js",
        "dist/cjs/DefaultHttpClient.js",
        "dist/cjs/DefaultHttpClient.js.map",
        "dist/cjs/DefaultHttpClient.min.js",
        "dist/cjs/DefaultReconnectPolicy.js",
        "dist/cjs/DefaultReconnectPolicy.js.map",
        "dist/cjs/DefaultReconnectPolicy.min.js",
        "dist/cjs/Errors.js",
        "dist/cjs/Errors.js.map",
        "dist/cjs/Errors.min.js",
        "dist/cjs/FetchHttpClient.js",
        "dist/cjs/FetchHttpClient.js.map",
        "dist/cjs/FetchHttpClient.min.js",
        "dist/cjs/HandshakeProtocol.js",
        "dist/cjs/HandshakeProtocol.js.map",
        "dist/cjs/HandshakeProtocol.min.js",
        "dist/cjs/HeaderNames.js",
        "dist/cjs/HeaderNames.js.map",
        "dist/cjs/HeaderNames.min.js",
        "dist/cjs/HttpClient.js",
        "dist/cjs/HttpClient.js.map",
        "dist/cjs/HttpClient.min.js",
        "dist/cjs/HttpConnection.js",
        "dist/cjs/HttpConnection.js.map",
        "dist/cjs/HttpConnection.min.js",
        "dist/cjs/HubConnection.js",
        "dist/cjs/HubConnection.js.map",
        "dist/cjs/HubConnection.min.js",
        "dist/cjs/HubConnectionBuilder.js",
        "dist/cjs/HubConnectionBuilder.js.map",
        "dist/cjs/HubConnectionBuilder.min.js",
        "dist/cjs/IConnection.js",
        "dist/cjs/IConnection.js.map",
        "dist/cjs/IConnection.min.js",
        "dist/cjs/IHttpConnectionOptions.js",
        "dist/cjs/IHttpConnectionOptions.js.map",
        "dist/cjs/IHttpConnectionOptions.min.js",
        "dist/cjs/IHubProtocol.js",
        "dist/cjs/IHubProtocol.js.map",
        "dist/cjs/IHubProtocol.min.js",
        "dist/cjs/ILogger.js",
        "dist/cjs/ILogger.js.map",
        "dist/cjs/ILogger.min.js",
        "dist/cjs/index.js",
        "dist/cjs/index.js.map",
        "dist/cjs/index.min.js",
        "dist/cjs/IRetryPolicy.js",
        "dist/cjs/IRetryPolicy.js.map",
        "dist/cjs/IRetryPolicy.min.js",
        "dist/cjs/IStatefulReconnectOptions.js",
        "dist/cjs/IStatefulReconnectOptions.js.map",
        "dist/cjs/IStatefulReconnectOptions.min.js",
        "dist/cjs/ITransport.js",
        "dist/cjs/ITransport.js.map",
        "dist/cjs/ITransport.min.js",
        "dist/cjs/JsonHubProtocol.js",
        "dist/cjs/JsonHubProtocol.js.map",
        "dist/cjs/JsonHubProtocol.min.js",
        "dist/cjs/Loggers.js",
        "dist/cjs/Loggers.js.map",
        "dist/cjs/Loggers.min.js",
        "dist/cjs/LongPollingTransport.js",
        "dist/cjs/LongPollingTransport.js.map",
        "dist/cjs/LongPollingTransport.min.js",
        "dist/cjs/MessageBuffer.js",
        "dist/cjs/MessageBuffer.js.map",
        "dist/cjs/MessageBuffer.min.js",
        "dist/cjs/Polyfills.js",
        "dist/cjs/Polyfills.js.map",
        "dist/cjs/Polyfills.min.js",
        "dist/cjs/ServerSentEventsTransport.js",
        "dist/cjs/ServerSentEventsTransport.js.map",
        "dist/cjs/ServerSentEventsTransport.min.js",
        "dist/cjs/Stream.js",
        "dist/cjs/Stream.js.map",
        "dist/cjs/Stream.min.js",
        "dist/cjs/Subject.js",
        "dist/cjs/Subject.js.map",
        "dist/cjs/Subject.min.js",
        "dist/cjs/TextMessageFormat.js",
        "dist/cjs/TextMessageFormat.js.map",
        "dist/cjs/TextMessageFormat.min.js",
        "dist/cjs/Utils.js",
        "dist/cjs/Utils.js.map",
        "dist/cjs/Utils.min.js",
        "dist/cjs/WebSocketTransport.js",
        "dist/cjs/WebSocketTransport.js.map",
        "dist/cjs/WebSocketTransport.min.js",
        "dist/cjs/XhrHttpClient.js",
        "dist/cjs/XhrHttpClient.js.map",
        "dist/cjs/XhrHttpClient.min.js",
        "dist/esm/AbortController.d.ts",
        "dist/esm/AbortController.js",
        "dist/esm/AbortController.js.map",
        "dist/esm/AbortController.min.js",
        "dist/esm/AccessTokenHttpClient.d.ts",
        "dist/esm/AccessTokenHttpClient.js",
        "dist/esm/AccessTokenHttpClient.js.map",
        "dist/esm/AccessTokenHttpClient.min.js",
        "dist/esm/browser-index.d.ts",
        "dist/esm/browser-index.js",
        "dist/esm/browser-index.js.map",
        "dist/esm/browser-index.min.js",
        "dist/esm/DefaultHttpClient.d.ts",
        "dist/esm/DefaultHttpClient.js",
        "dist/esm/DefaultHttpClient.js.map",
        "dist/esm/DefaultHttpClient.min.js",
        "dist/esm/DefaultReconnectPolicy.d.ts",
        "dist/esm/DefaultReconnectPolicy.js",
        "dist/esm/DefaultReconnectPolicy.js.map",
        "dist/esm/DefaultReconnectPolicy.min.js",
        "dist/esm/Errors.d.ts",
        "dist/esm/Errors.js",
        "dist/esm/Errors.js.map",
        "dist/esm/Errors.min.js",
        "dist/esm/FetchHttpClient.d.ts",
        "dist/esm/FetchHttpClient.js",
        "dist/esm/FetchHttpClient.js.map",
        "dist/esm/FetchHttpClient.min.js",
        "dist/esm/HandshakeProtocol.d.ts",
        "dist/esm/HandshakeProtocol.js",
        "dist/esm/HandshakeProtocol.js.map",
        "dist/esm/HandshakeProtocol.min.js",
        "dist/esm/HeaderNames.d.ts",
        "dist/esm/HeaderNames.js",
        "dist/esm/HeaderNames.js.map",
        "dist/esm/HeaderNames.min.js",
        "dist/esm/HttpClient.d.ts",
        "dist/esm/HttpClient.js",
        "dist/esm/HttpClient.js.map",
        "dist/esm/HttpClient.min.js",
        "dist/esm/HttpConnection.d.ts",
        "dist/esm/HttpConnection.js",
        "dist/esm/HttpConnection.js.map",
        "dist/esm/HttpConnection.min.js",
        "dist/esm/HubConnection.d.ts",
        "dist/esm/HubConnection.js",
        "dist/esm/HubConnection.js.map",
        "dist/esm/HubConnection.min.js",
        "dist/esm/HubConnectionBuilder.d.ts",
        "dist/esm/HubConnectionBuilder.js",
        "dist/esm/HubConnectionBuilder.js.map",
        "dist/esm/HubConnectionBuilder.min.js",
        "dist/esm/IConnection.d.ts",
        "dist/esm/IConnection.js",
        "dist/esm/IConnection.js.map",
        "dist/esm/IConnection.min.js",
        "dist/esm/IHttpConnectionOptions.d.ts",
        "dist/esm/IHttpConnectionOptions.js",
        "dist/esm/IHttpConnectionOptions.js.map",
        "dist/esm/IHttpConnectionOptions.min.js",
        "dist/esm/IHubProtocol.d.ts",
        "dist/esm/IHubProtocol.js",
        "dist/esm/IHubProtocol.js.map",
        "dist/esm/IHubProtocol.min.js",
        "dist/esm/ILogger.d.ts",
        "dist/esm/ILogger.js",
        "dist/esm/ILogger.js.map",
        "dist/esm/ILogger.min.js",
        "dist/esm/index.d.ts",
        "dist/esm/index.js",
        "dist/esm/index.js.map",
        "dist/esm/index.min.js",
        "dist/esm/IRetryPolicy.d.ts",
        "dist/esm/IRetryPolicy.js",
        "dist/esm/IRetryPolicy.js.map",
        "dist/esm/IRetryPolicy.min.js",
        "dist/esm/IStatefulReconnectOptions.d.ts",
        "dist/esm/IStatefulReconnectOptions.js",
        "dist/esm/IStatefulReconnectOptions.js.map",
        "dist/esm/IStatefulReconnectOptions.min.js",
        "dist/esm/ITransport.d.ts",
        "dist/esm/ITransport.js",
        "dist/esm/ITransport.js.map",
        "dist/esm/ITransport.min.js",
        "dist/esm/JsonHubProtocol.d.ts",
        "dist/esm/JsonHubProtocol.js",
        "dist/esm/JsonHubProtocol.js.map",
        "dist/esm/JsonHubProtocol.min.js",
        "dist/esm/Loggers.d.ts",
        "dist/esm/Loggers.js",
        "dist/esm/Loggers.js.map",
        "dist/esm/Loggers.min.js",
        "dist/esm/LongPollingTransport.d.ts",
        "dist/esm/LongPollingTransport.js",
        "dist/esm/LongPollingTransport.js.map",
        "dist/esm/LongPollingTransport.min.js",
        "dist/esm/MessageBuffer.d.ts",
        "dist/esm/MessageBuffer.js",
        "dist/esm/MessageBuffer.js.map",
        "dist/esm/MessageBuffer.min.js",
        "dist/esm/Polyfills.d.ts",
        "dist/esm/Polyfills.js",
        "dist/esm/Polyfills.js.map",
        "dist/esm/Polyfills.min.js",
        "dist/esm/ServerSentEventsTransport.d.ts",
        "dist/esm/ServerSentEventsTransport.js",
        "dist/esm/ServerSentEventsTransport.js.map",
        "dist/esm/ServerSentEventsTransport.min.js",
        "dist/esm/Stream.d.ts",
        "dist/esm/Stream.js",
        "dist/esm/Stream.js.map",
        "dist/esm/Stream.min.js",
        "dist/esm/Subject.d.ts",
        "dist/esm/Subject.js",
        "dist/esm/Subject.js.map",
        "dist/esm/Subject.min.js",
        "dist/esm/TextMessageFormat.d.ts",
        "dist/esm/TextMessageFormat.js",
        "dist/esm/TextMessageFormat.js.map",
        "dist/esm/TextMessageFormat.min.js",
        "dist/esm/Utils.d.ts",
        "dist/esm/Utils.js",
        "dist/esm/Utils.js.map",
        "dist/esm/Utils.min.js",
        "dist/esm/WebSocketTransport.d.ts",
        "dist/esm/WebSocketTransport.js",
        "dist/esm/WebSocketTransport.js.map",
        "dist/esm/WebSocketTransport.min.js",
        "dist/esm/XhrHttpClient.d.ts",
        "dist/esm/XhrHttpClient.js",
        "dist/esm/XhrHttpClient.js.map",
        "dist/esm/XhrHttpClient.min.js",
        "dist/webworker/signalr.js",
        "dist/webworker/signalr.js.map",
        "dist/webworker/signalr.min.js",
        "dist/webworker/signalr.min.js.map",
        "src/AbortController.ts",
        "src/AccessTokenHttpClient.ts",
        "src/browser-index.ts",
        "src/DefaultHttpClient.ts",
        "src/DefaultReconnectPolicy.ts",
        "src/Errors.ts",
        "src/FetchHttpClient.ts",
        "src/HandshakeProtocol.ts",
        "src/HeaderNames.ts",
        "src/HttpClient.ts",
        "src/HttpConnection.ts",
        "src/HubConnection.ts",
        "src/HubConnectionBuilder.ts",
        "src/IConnection.ts",
        "src/IHttpConnectionOptions.ts",
        "src/IHubProtocol.ts",
        "src/ILogger.ts",
        "src/index.ts",
        "src/IRetryPolicy.ts",
        "src/IStatefulReconnectOptions.ts",
        "src/ITransport.ts",
        "src/JsonHubProtocol.ts",
        "src/Loggers.ts",
        "src/LongPollingTransport.ts",
        "src/MessageBuffer.ts",
        "src/Polyfills.ts",
        "src/ServerSentEventsTransport.ts",
        "src/Stream.ts",
        "src/Subject.ts",
        "src/TextMessageFormat.ts",
        "src/third-party-notices.txt",
        "src/Utils.ts",
        "src/WebSocketTransport.ts",
        "src/XhrHttpClient.ts",
        "package.json",
        "README.md"
      ]
    }
  ]
}
